target,patient_id,start,end,achieved,n_changes,features
CAD,13,0.9724014700263975,0.8581703988364667,False,3,"tg,bp,fbs"
CAD,15,0.8775242097976887,0.8120987161943832,False,1,fbs
CAD,19,0.993062564857599,0.9729770967050827,False,3,"tg,fbs,bp"
CAD,22,0.9983614497413115,0.996294862136902,False,2,"fbs,bp"
CAD,25,0.9759701578900674,0.9759701578900674,False,0,
CAD,37,0.9831123601697075,0.9669052251474685,False,1,bp
CAD,38,0.9376102442025886,0.8908450180183262,False,1,fbs
CAD,52,0.9601480045349072,0.9590307908872143,False,1,fbs
CAD,71,0.9602169977004019,0.9446423130633054,False,2,"bp,fbs"
CAD,84,0.9953501081219568,0.9895234711955089,False,2,"tg,fbs"
CAD,87,0.98841253619424,0.9759943144018611,False,1,bp
CAD,92,0.9978900843450869,0.9971862204746688,False,2,"fbs,current_smoker"
CAD,94,0.9651154319278675,0.9644462547760996,False,1,fbs
CAD,98,0.9522543091284112,0.9457979723222225,False,2,"bp,fbs"
CAD,103,0.965109412819746,0.9607593438798562,False,1,tg
CAD,105,0.9468340283297952,0.9195952679026705,False,2,"tg,fbs"
CAD,109,0.9831978300324126,0.953737384799858,False,3,"tg,bp,fbs"
CAD,111,0.9657903175801109,0.9567842645041414,False,1,bp
CAD,115,0.9730383091209386,0.938282052298583,False,2,"bp,fbs"
CAD,123,0.8887739070278401,0.8577434386215662,False,2,"tg,fbs"
CAD,124,0.8861706003824344,0.6841904938920781,True,1,fbs
CAD,127,0.9793521729682634,0.9766246467689331,False,1,bp
CAD,138,0.966649028384969,0.9197096568640695,False,2,"fbs,bp"
CAD,144,0.9916208733629559,0.9912134590116999,False,1,current_smoker
CAD,146,0.9975405835549321,0.9920054215141499,False,3,"tg,fbs,bp"
CAD,148,0.9086232787324229,0.8749061140690971,False,2,"bp,fbs"
CAD,149,0.9803218721702792,0.9776025305858623,False,1,bp
CAD,154,0.9369482113018868,0.9369482113018868,False,0,
CAD,156,0.9291120108018048,0.8675258950202416,False,2,"bp,fbs"
CAD,163,0.9674739253236492,0.9560707716512158,False,1,bp
CAD,165,0.7973103410431549,0.7491306718380762,True,1,tg
CAD,174,0.9996602335795104,0.9993281421758643,False,3,"tg,fbs,bp"
CAD,187,0.9665369164420105,0.9552297532890393,False,1,bp
CAD,197,0.9911729360732028,0.9869344511069893,False,1,bp
CAD,198,0.9331556012561867,0.903800824485458,False,2,"tg,bp"
CAD,207,0.946147643368889,0.9026821052322346,False,3,"tg,bp,fbs"
CAD,209,0.9837508800149853,0.960430835508809,False,2,"fbs,bp"
CAD,213,0.9285032412950599,0.8998237855150416,False,2,"bp,current_smoker"
CAD,215,0.9828761080566998,0.9665253065815831,False,2,"bp,fbs"
CAD,220,0.9593515235872357,0.9571080921759304,False,1,fbs
CAD,223,0.9071961939636415,0.8770271428001264,False,3,"bp,fbs,current_smoker"
CAD,224,0.9619424635867571,0.9372223015151026,False,2,"bp,fbs"
CAD,227,0.7954319854976158,0.7787551280556085,True,1,fbs
CAD,231,0.9940008989532637,0.9719905161206225,False,3,"tg,fbs,bp"
CAD,243,0.8643134237114776,0.8643134237114776,False,0,
CAD,274,0.9990875306821261,0.9965302592342663,False,3,"tg,fbs,bp"
CAD,277,0.9973291265922061,0.9964509835192491,False,1,bp
CAD,279,0.9782711539138781,0.9437652835085529,False,3,"tg,bp,fbs"
CAD,281,0.9517576244523384,0.821413013736345,False,3,"tg,bp,fbs"
CAD,298,0.8393156821772884,0.8393156821772884,False,0,
LAD,15,0.766181098019081,0.7080195876345826,True,1,fbs
LAD,21,0.7352148688608469,0.7073885506712003,True,1,ldl
LAD,23,0.7442362326882643,0.7289546319252567,True,3,"ldl,fbs,tg"
LAD,28,0.8565595915309655,0.8455425066892177,False,3,"ldl,hdl,tg"
LAD,34,0.9305184385782758,0.8989692127908796,False,1,tg
LAD,37,0.9143479052795624,0.9105310584112872,False,1,bp
LAD,39,0.9209911825256802,0.9161603791737394,False,3,"ldl,hdl,fbs"
LAD,47,0.8382763447834016,0.7597654540735028,False,3,"ldl,fbs,tg"
LAD,69,0.7607038469343903,0.7205550860068565,True,1,tg
LAD,74,0.9070566916358355,0.8950212525502497,False,2,"ldl,fbs"
LAD,78,0.7971612774371111,0.781655893218298,False,1,current_smoker
LAD,87,0.7697655815137782,0.7539736712115099,False,2,"ldl,hdl"
LAD,88,0.8432818387153286,0.8345827300905958,False,2,"ldl,current_smoker"
LAD,92,0.879492856904758,0.876004270688693,False,2,"current_smoker,fbs"
LAD,94,0.9250597489412381,0.9185493416027007,False,3,"fbs,ldl,hdl"
LAD,95,0.8017174875821664,0.7788647733281583,False,3,"fbs,current_smoker,ldl"
LAD,97,0.8535611081930893,0.8504064118337991,False,1,ldl
LAD,105,0.8569491835539462,0.8325200465410802,False,2,"tg,fbs"
LAD,106,0.7612589315296397,0.7612376406938806,False,1,bp
LAD,116,0.8436937965370875,0.809233436700391,False,3,"ldl,bmi,current_smoker"
LAD,118,0.7475268784841695,0.7307428028748281,False,3,"hdl,fbs,tg"
LAD,125,0.7463763569789382,0.7294530865711997,True,1,current_smoker
LAD,126,0.8528179100701901,0.8528179100701901,False,0,
LAD,128,0.8055526444633657,0.7469178719129421,False,2,"bp,current_smoker"
LAD,131,0.8681495584109077,0.8606328154855315,False,2,"fbs,hdl"
LAD,138,0.8280231293340808,0.8025215676463828,False,3,"fbs,bp,hdl"
LAD,140,0.7855527975100947,0.7855527975100947,False,0,
LAD,146,0.9412674991435903,0.9303467795869982,False,3,"ldl,hdl,fbs"
LAD,147,0.760457141137476,0.642189398206448,True,1,tg
LAD,149,0.8684936534538932,0.8593857655353256,False,1,ldl
LAD,156,0.8050184336498736,0.7584959683171572,False,3,"fbs,bp,ldl"
LAD,159,0.8755333830627208,0.875097028012484,False,1,hdl
LAD,161,0.8978235854695326,0.8504236427841021,False,3,"ldl,hdl,fbs"
LAD,164,0.8721500140940336,0.8699279497343796,False,2,"ldl,fbs"
LAD,171,0.8462543411600063,0.7550346059512546,False,2,"ldl,fbs"
LAD,174,0.9377767616092058,0.931520931689375,False,3,"hdl,fbs,tg"
LAD,181,0.8866891211485685,0.8596367030682835,False,2,"tg,fbs"
LAD,197,0.9269702107802811,0.9266993674312223,False,1,hdl
LAD,198,0.7591264798355115,0.7364834306094559,False,3,"tg,ldl,bp"
LAD,202,0.82820164894971,0.8223741098436267,False,1,ldl
LAD,211,0.874569700458963,0.8529583557660256,False,1,fbs
LAD,220,0.8302341097039467,0.8242715319146753,False,2,"fbs,hdl"
LAD,222,0.7969762043257552,0.7245395610292151,True,3,"tg,fbs,bp"
LAD,224,0.8051485845067619,0.80469497619888,False,1,fbs
LAD,236,0.7559653122900015,0.750302587345492,False,2,"fbs,hdl"
LAD,260,0.8580417353510856,0.8445940269699777,False,3,"hdl,tg,fbs"
LAD,266,0.7616454904979415,0.743489859913097,False,2,"hdl,fbs"
LAD,269,0.8035026946191476,0.774466739443702,False,2,"ldl,hdl"
LAD,274,0.9397262456640347,0.9336547380717495,False,3,"hdl,fbs,tg"
LAD,277,0.9084995895925346,0.9027817593480475,False,1,hdl
LCX,1,0.6730238906515924,0.6497791426023679,False,3,"ldl,tg,bp"
LCX,13,0.5750129383982432,0.5356725245275809,True,1,tg
LCX,19,0.5689198259852255,0.5492835035201243,True,1,fbs
LCX,22,0.5581812070423576,0.546825294720377,True,1,fbs
LCX,28,0.6264420802558867,0.6065643944173261,False,3,"ldl,tg,bp"
LCX,31,0.5855132337652162,0.5491286757524825,True,1,fbs
LCX,33,0.5907880961940972,0.5568783452738203,False,3,"tg,bp,ldl"
LCX,37,0.5988846022836629,0.5765459926811278,False,1,bp
LCX,40,0.5927289206078228,0.5485414088202794,True,3,"tg,bp,current_smoker"
LCX,47,0.5819476761060272,0.5495869238738968,True,1,ldl
LCX,57,0.5869702331787667,0.5773824145644669,False,2,"ldl,bp"
LCX,63,0.6147333862693597,0.5383043367289787,True,2,"tg,bp"
LCX,71,0.5873953337984863,0.5699698069624165,False,3,"fbs,bp,ldl"
LCX,74,0.608404130120752,0.5842871722590388,False,3,"ldl,fbs,tg"
LCX,82,0.6288239092155917,0.5381679374399164,True,1,fbs
LCX,86,0.5952827785417864,0.5805216250332514,False,3,"bp,fbs,ldl"
LCX,87,0.5874749796131687,0.5603964449016394,False,3,"ldl,bp,hdl"
LCX,88,0.5674679654744005,0.5573998079735274,False,2,"ldl,current_smoker"
LCX,92,0.5864244749066989,0.5801150613470719,False,2,"fbs,current_smoker"
LCX,93,0.5596789598026405,0.5486811459249028,True,1,bp
LCX,96,0.5559035814845791,0.538696516017942,True,1,tg
LCX,97,0.5652060104940363,0.5600794499156989,False,2,"bp,ldl"
LCX,100,0.5830164469722416,0.5683072227308568,False,3,"fbs,bp,hdl"
LCX,101,0.649538127079112,0.6162809161680851,False,3,"ldl,bp,hdl"
LCX,114,0.6643294148882646,0.6456791242578636,False,2,"ldl,fbs"
LCX,115,0.570810795106525,0.5498890459325337,True,1,fbs
LCX,120,0.611889777432555,0.5584353729853918,False,3,"tg,bp,ldl"
LCX,123,0.5862879588628978,0.5619764657934052,False,2,"tg,fbs"
LCX,126,0.5758046993962624,0.5758046993962624,False,0,
LCX,127,0.6102299566894384,0.6043903605985306,False,2,"ldl,bp"
LCX,139,0.5685001699196846,0.5555424802609067,True,2,"fbs,bp"
LCX,146,0.5987755660737735,0.571429109340721,False,3,"ldl,fbs,tg"
LCX,148,0.5638259613566414,0.5491445642005418,True,1,bp
LCX,149,0.5841727797288911,0.5736330271651401,False,2,"ldl,bp"
LCX,161,0.6156002249633359,0.5576187378055215,False,3,"ldl,fbs,bp"
LCX,163,0.5709627256449311,0.559107070221798,False,1,bp
LCX,164,0.6131977240499096,0.6031003015110536,False,3,"ldl,fbs,bp"
LCX,174,0.5813695722900524,0.5676947226020943,False,3,"fbs,tg,bp"
LCX,177,0.5671960382702634,0.5548533915171817,True,1,bp
LCX,198,0.5607377975044093,0.5480223186539132,True,1,tg
LCX,202,0.6437769180152013,0.6371818061498259,False,2,"ldl,bp"
LCX,220,0.6473230262445748,0.6433805161128616,False,2,"fbs,hdl"
LCX,222,0.5861857396647077,0.5308753069450174,True,2,"tg,fbs"
LCX,230,0.5769859631565895,0.5699411651103398,False,3,"tg,bp,hdl"
LCX,231,0.5589735476882683,0.5448988022066238,True,1,tg
LCX,235,0.6734268404404039,0.6467667932793507,False,3,"tg,bp,ldl"
LCX,240,0.615126650603283,0.5977744104641659,False,2,"ldl,bp"
LCX,246,0.6330313460789816,0.5753418492105754,False,3,"ldl,fbs,tg"
LCX,248,0.6052669326815625,0.5921256167892436,False,3,"ldl,tg,bp"
LCX,273,0.6691115448712875,0.6416392824951638,False,3,"ldl,tg,fbs"
RCA,7,0.560025709077264,0.543820623509287,True,1,current_smoker
RCA,12,0.5578691363120947,0.538857918592989,True,2,"tg,bmi"
RCA,22,0.5493613997071911,0.5477565698198233,False,1,bmi
RCA,23,0.5591976269697069,0.5486371818922718,False,3,"tg,bmi,bp"
RCA,34,0.5527713556515957,0.5248218923970389,True,1,tg
RCA,47,0.5888316227508188,0.5637359314248321,False,3,"tg,bmi,bp"
RCA,71,0.5533649736295508,0.5459957969217502,False,2,"bp,fbs"
RCA,80,0.5551396628115656,0.5516826045793496,False,1,fbs
RCA,84,0.5887429671524161,0.5556821028821565,False,2,"tg,bmi"
RCA,86,0.6080104592002317,0.6019607819667719,False,3,"bp,fbs,bmi"
RCA,88,0.5481421382292274,0.5320278906844794,True,1,current_smoker
RCA,89,0.5584353972775405,0.5562442960784229,False,1,bp
RCA,92,0.5992711941247033,0.5826681305590801,False,2,"bmi,current_smoker"
RCA,101,0.5543226748518856,0.5391247543596439,True,1,current_smoker
RCA,114,0.6165229308094614,0.610469954409399,False,2,"bmi,ldl"
RCA,126,0.5550247141662268,0.5550247141662268,False,0,
RCA,138,0.6129023049148603,0.5895726378203507,False,2,"bp,fbs"
RCA,139,0.6012129266880354,0.6007754022128062,False,1,bp
RCA,144,0.5965537060700109,0.5796301769066515,False,3,"current_smoker,bmi,ldl"
RCA,147,0.6293857225504268,0.41959188654925533,True,1,tg
RCA,149,0.5512397029353233,0.5501546561621173,False,1,bp
RCA,156,0.550485217653636,0.5385799012669502,True,1,bp
RCA,159,0.5605166113885917,0.5597426061457998,False,1,bp
RCA,164,0.5940729845742013,0.5852361275288678,False,2,"bmi,ldl"
RCA,177,0.5450222495772516,0.5289154766986119,True,1,current_smoker
RCA,197,0.571041813267524,0.5675017153616694,False,2,"bmi,bp"
RCA,211,0.5494174807141631,0.5411773766528787,True,1,fbs
RCA,215,0.5499498129393006,0.5442999302627965,True,2,"bmi,bp"
RCA,220,0.5958771497832532,0.5918299701806696,False,2,"fbs,bmi"
RCA,231,0.6019235629945132,0.5798279287116455,False,2,"tg,bp"
RCA,240,0.5907748482607471,0.589122293208027,False,1,ldl
RCA,246,0.5577863449644729,0.5288777917948181,True,1,tg
RCA,248,0.5681178767952453,0.5538510321460534,False,3,"tg,bmi,ldl"
RCA,250,0.5490036734834935,0.5422483907981213,True,2,"bp,fbs"
RCA,260,0.6118005964605324,0.5375477204139014,True,1,tg
RCA,273,0.632543100962262,0.6104172517223581,False,3,"tg,bmi,ldl"
