feature,label,type,unit,n_unique,min,median,max,minority_share,flag_near_constant,range_low,range_high,share_below,share_above,flag_out_of_range
age,Age,numeric,years,46,30.0,58.0,86.0,,,,,,,
sex,Male sex,binary,,2,0.0,1.0,1.0,0.4191419141914191,False,,,,,
bmi,Body mass index,numeric,kg/m2,263,18.115412710007302,26.775510204081634,40.90065778377467,,,18.5,24.9,0.006600660066006601,0.6996699669966997,True
dm,Diabetes mellitus,binary,,2,0.0,0.0,1.0,0.297029702970297,False,,,,,
htn,Hypertension,binary,,2,0.0,1.0,1.0,0.4092409240924092,False,,,,,
current_smoker,Current smoker,binary,,2,0.0,0.0,1.0,0.2079207920792079,False,,,,,
ex_smoker,Ex-smoker,binary,,2,0.0,0.0,1.0,0.033003300330033,False,,,,,
fh,Family history of CAD,binary,,2,0.0,0.0,1.0,0.15841584158415842,False,,,,,
obesity,Obesity,binary,,2,0.0,1.0,1.0,0.30363036303630364,False,,,,,
crf,Chronic renal failure,binary,,2,0.0,0.0,1.0,0.019801980198019802,True,,,,,
cva,Cerebrovascular accident,binary,,2,0.0,0.0,1.0,0.0165016501650165,True,,,,,
airway_disease,Airway disease,binary,,2,0.0,0.0,1.0,0.036303630363036306,False,,,,,
thyroid_disease,Thyroid disease,binary,,2,0.0,0.0,1.0,0.0231023102310231,False,,,,,
chf,Congestive heart failure,binary,,2,0.0,0.0,1.0,0.0033003300330033004,True,,,,,
dlp,Dyslipidemia,binary,,2,0.0,0.0,1.0,0.3696369636963696,False,,,,,
bp,Blood pressure,numeric,mmHg,17,90.0,130.0,190.0,,,90.0,120.0,0.0,0.6039603960396039,True
pr,Pulse rate,numeric,bpm,21,50.0,70.0,110.0,,,60.0,100.0,0.006600660066006601,0.009900990099009901,False
edema,Edema,binary,,2,0.0,0.0,1.0,0.039603960396039604,False,,,,,
weak_peripheral_pulse,Weak peripheral pulse,binary,,2,0.0,0.0,1.0,0.0165016501650165,True,,,,,
lung_rales,Lung rales,binary,,2,0.0,0.0,1.0,0.036303630363036306,False,,,,,
systolic_murmur,Systolic murmur,binary,,2,0.0,0.0,1.0,0.1353135313531353,False,,,,,
diastolic_murmur,Diastolic murmur,binary,,2,0.0,0.0,1.0,0.0297029702970297,False,,,,,
typical_chest_pain,Typical chest pain,binary,,2,0.0,1.0,1.0,0.45874587458745875,False,,,,,
dyspnea,Dyspnea,binary,,2,0.0,0.0,1.0,0.44224422442244227,False,,,,,
function_class,Functional class,numeric,,4,0.0,0.0,3.0,,,,,,,
atypical,Atypical chest pain,binary,,2,0.0,0.0,1.0,0.3069306930693069,False,,,,,
nonanginal,Non-anginal chest pain,binary,,2,0.0,0.0,1.0,0.052805280528052806,False,,,,,
lowth_ang,Low-threshold angina,binary,,2,0.0,0.0,1.0,0.006600660066006601,True,,,,,
q_wave,Q wave,binary,,2,0.0,0.0,1.0,0.052805280528052806,False,,,,,
st_elevation,ST elevation,binary,,2,0.0,0.0,1.0,0.0462046204620462,False,,,,,
st_depression,ST depression,binary,,2,0.0,0.0,1.0,0.23432343234323433,False,,,,,
t_inversion,T-wave inversion,binary,,2,0.0,0.0,1.0,0.297029702970297,False,,,,,
lvh,Left ventricular hypertrophy,binary,,2,0.0,0.0,1.0,0.066006600660066,False,,,,,
poor_r_progression,Poor R-wave progression,binary,,2,0.0,0.0,1.0,0.0297029702970297,False,,,,,
bbb,Bundle branch block,categorical,,3,0.0,0.0,2.0,,,,,,,
fbs,Fasting blood sugar,numeric,mg/dL,113,62.0,98.0,400.0,,,70.0,100.0,0.009900990099009901,0.47194719471947194,False
cr,Creatinine,numeric,mg/dL,18,0.5,1.0,2.2,,,0.6,1.3,0.006600660066006601,0.11221122112211221,False
tg,Triglycerides,numeric,mg/dL,147,37.0,122.0,1050.0,,,0.0,150.0,0.0,0.3465346534653465,False
ldl,LDL cholesterol,numeric,mg/dL,110,18.0,100.0,232.0,,,0.0,100.0,0.0,0.49504950495049505,False
hdl,HDL cholesterol,numeric,mg/dL,47,15.9,39.0,111.0,,,40.0,100.0,0.504950495049505,0.0033003300330033004,False
bun,Blood urea nitrogen,numeric,mg/dL,33,6.0,16.0,52.0,,,7.0,20.0,0.0033003300330033004,0.24092409240924093,False
esr,Erythrocyte sedimentation rate,numeric,mm/h,58,1.0,15.0,90.0,,,0.0,20.0,0.0,0.3201320132013201,False
hb,Hemoglobin,numeric,g/dL,66,8.9,13.2,17.6,,,12.0,17.5,0.2145214521452145,0.0033003300330033004,False
k,Potassium,numeric,mEq/L,27,3.0,4.2,6.6,,,3.5,5.0,0.0462046204620462,0.036303630363036306,False
na,Sodium,numeric,mEq/L,25,128.0,141.0,156.0,,,135.0,145.0,0.0429042904290429,0.0858085808580858,False
wbc,White blood cell count,numeric,cells/mm3,78,3700.0,7100.0,18000.0,,,4000.0,11000.0,0.009900990099009901,0.07920792079207921,False
lymph,Lymphocytes,numeric,percent,50,7.0,32.0,60.0,,,20.0,40.0,0.10561056105610561,0.1782178217821782,False
neut,Neutrophils,numeric,percent,52,32.0,60.0,89.0,,,40.0,70.0,0.019801980198019802,0.1353135313531353,False
plt,Platelets,numeric,1000/mm3,135,25.0,210.0,742.0,,,150.0,450.0,0.036303630363036306,0.0033003300330033004,False
ef_tte,Ejection fraction (echo),numeric,percent,11,15.0,50.0,60.0,,,55.0,70.0,0.6501650165016502,0.0,True
region_rwma,Regional wall motion abnormality,categorical,,5,0.0,0.0,4.0,,,,,,,
vhd,Valvular heart disease,numeric,,4,0.0,1.0,3.0,,,,,,,
