patient_id,y,p
0,1,0.5019508815962338
1,1,0.7864894554987439
2,1,0.8348547302148518
3,0,0.5956440662747217
4,0,0.13456757918389398
5,1,0.6182089935811024
6,1,0.7612431145849136
7,1,0.8044467883378781
8,0,0.016589757973023256
9,0,0.7816444088592798
10,1,0.5805377686702298
11,1,0.8923970570709351
12,1,0.8623954106252815
13,1,0.7612929867993167
14,1,0.4398905999996677
15,1,0.6928002675000315
16,0,0.15315351867191732
17,0,0.29799067646281535
18,1,0.7186803415226839
19,0,0.737623319763738
20,0,0.1043322470636711
21,1,0.676884434241396
22,1,0.8587094747865657
23,1,0.7162013245460761
24,1,0.640764695634426
25,1,0.8077739175253654
26,0,0.19355216998371572
27,0,0.35048277819273777
28,1,0.8246785591519806
29,0,0.8298325467954203
30,1,0.6317034412345063
31,0,0.7200627007643369
32,1,0.6619720605342126
33,1,0.7297287336969376
34,1,0.8906657058859665
35,0,0.09751546503165794
36,1,0.7030299485136684
37,1,0.8367755443013962
38,1,0.8118828142798648
39,1,0.896926430431856
40,1,0.8680739074721792
41,0,0.09771064012219749
42,0,0.2389604024716332
43,1,0.5380604115627001
44,0,0.7498007466280217
45,1,0.8346651626660689
46,1,0.567778890504624
47,1,0.7780900312002167
48,0,0.13937386399312143
49,0,0.3488233820591473
50,0,0.560722385774737
51,1,0.5564743206820283
52,1,0.8336717264464687
53,0,0.6693391338230495
54,0,0.15826510301944502
55,1,0.8240648806922622
56,1,0.755001061440702
57,1,0.8675958982260493
58,1,0.49446850644091817
59,1,0.8578804940902205
60,0,0.2511676749057378
61,1,0.4834846775644837
62,1,0.13161984704358284
63,1,0.5744155232048259
64,0,0.06437866023540194
65,0,0.6937567360110677
66,1,0.7457697084143341
67,0,0.3696154625709324
68,0,0.17940809336012117
69,1,0.7183506623433722
70,0,0.17968644498468989
71,1,0.880859139323331
72,1,0.593435258426409
73,0,0.5908020239700255
74,1,0.8639985263999473
75,1,0.274718111640971
76,1,0.7253197233402532
77,0,0.729662829611366
78,1,0.699262022098083
79,0,0.2342892286978947
80,1,0.8780482183251529
81,1,0.9085893291159546
82,1,0.7264114318899383
83,1,0.820371287993159
84,0,0.8370512429353621
85,0,0.37415786004086904
86,1,0.7387090686374171
87,1,0.7573634861992112
88,0,0.8785798094568928
89,1,0.8250510692827548
90,0,0.5977607142882065
91,0,0.3671774881259824
92,1,0.8454859804923895
93,1,0.77489332489661
94,1,0.8450823120720549
95,1,0.7288822468900605
96,1,0.7917551596656609
97,1,0.8341575896905528
98,1,0.7299194198468791
99,1,0.4754679422856826
100,1,0.909606345072609
101,1,0.835224024687494
102,0,0.09014221130478117
103,1,0.8348687984870149
104,0,0.5538357257160974
105,1,0.795018332107607
106,1,0.7099385249500867
107,1,0.2989362591572118
108,0,0.21326083492032225
109,0,0.7185465849345575
110,0,0.24329318684477688
111,1,0.6926343555651568
112,0,0.6401460330513232
113,0,0.09830810623678458
114,1,0.917135941648224
115,0,0.6888862129192321
116,1,0.7984176326464061
117,1,0.7420573234723221
118,1,0.7498499568046028
119,1,0.7329584378185791
120,1,0.7899514947089482
121,0,0.7420943482182056
122,0,0.6632572229161274
123,1,0.653945466584482
124,1,0.6811244441097125
125,1,0.7009566543103567
126,1,0.8034497622013124
127,1,0.7979091581422462
128,1,0.7426196451980666
129,0,0.18209207461694377
130,0,0.16351365924870287
131,1,0.8323114475644973
132,1,0.7648350726979446
133,0,0.45295718499386783
134,1,0.7030467534050931
135,1,0.619658813340867
136,0,0.21274994966657926
137,0,0.18111533619745887
138,1,0.8507874114825715
139,1,0.887998951783385
140,1,0.695884436569096
141,1,0.7392447021612463
142,1,0.1914380000122297
143,0,0.01785018376884793
144,1,0.9234681868203326
145,0,0.8139442897720871
146,1,0.8965252480751396
147,1,0.7238906183907531
148,1,0.6623770976043487
149,1,0.856261185348823
150,0,0.19419869869785822
151,0,0.42541469670714066
152,1,0.4665268719629925
153,0,0.4157079879074706
154,0,0.7467864127152639
155,1,0.7944451410744301
156,1,0.7699653985944651
157,1,0.4842697866909284
158,0,0.3368899744626414
159,1,0.86054302003472
160,0,0.6694378871530257
161,1,0.874682514202242
162,1,0.8103053949124187
163,1,0.9269780332610723
164,1,0.8254371781223341
165,1,0.5844018840582156
166,0,0.07923867673067175
167,1,0.6907858717664931
168,0,0.30401589946982144
169,0,0.23795913578094874
170,0,0.18056438028463262
171,1,0.7086647462152887
172,1,0.5609291708117511
173,1,0.7751660479277067
174,1,0.8949104740410014
175,0,0.6100843800217298
176,1,0.20864547765360753
177,1,0.8156026195680629
178,1,0.5770849054155484
179,0,0.27999442300491656
180,1,0.37714894288333056
181,1,0.8679871466049702
182,1,0.6032156648042376
183,0,0.5626044632777139
184,1,0.6010943559883567
185,0,0.49119827266115057
186,0,0.85468770383574
187,1,0.7829586334797861
188,1,0.4810626899565335
189,1,0.7218219156543103
190,0,0.6252283150043939
191,1,0.7381776193159219
192,0,0.05067291927849208
193,0,0.5048937924374209
194,0,0.2201351060866652
195,0,0.7057105306596982
196,0,0.07471642686613617
197,1,0.8814183588462351
198,1,0.7245452966973912
199,0,0.30874804248003324
200,1,0.5743502750666559
201,0,0.6533079817967261
202,1,0.8122719963876674
203,0,0.22516993187784762
204,0,0.33292264985299563
205,0,0.5826897286313041
206,1,0.6861136968526255
207,1,0.7241413936694475
208,1,0.5738951659178326
209,1,0.7678373622009271
210,0,0.2009155566912769
211,1,0.8596225439596803
212,0,0.046174228744494006
213,0,0.7015329839702229
214,0,0.694573175803205
215,1,0.711895012733797
216,0,0.543453984261386
217,0,0.2820322533453786
218,0,0.3979066641881195
219,1,0.11739811593220952
220,1,0.8293035686672462
221,1,0.4276426910408791
222,1,0.7895017012591662
223,1,0.6606576016504299
224,1,0.7906215084456388
225,0,0.6847783302023411
226,1,0.7697989425158117
227,1,0.6157742099527465
228,1,0.5645356397857689
229,1,0.6768343105789376
230,1,0.8778687466067235
231,0,0.8361690168441996
232,1,0.664416370293365
233,0,0.3645210931371224
234,0,0.40497061014664903
235,1,0.7152823470391372
236,1,0.6440767277340713
237,1,0.43427435731011593
238,1,0.14863865266452495
239,1,0.8165738562366611
240,1,0.927379567429295
241,1,0.5970273175324382
242,1,0.6945364262766263
243,0,0.6725585035982434
244,1,0.5483005847015344
245,1,0.3069298398610529
246,1,0.8846398817914881
247,0,0.1769883626948964
248,1,0.834599714318415
249,1,0.7703623501127685
250,1,0.703461063275499
251,1,0.28256125931879517
252,1,0.3613391015009058
253,1,0.5680654712668955
254,0,0.6017787095080793
255,0,0.10310043521736817
256,0,0.34073182728136975
257,0,0.2799984107222487
258,0,0.03395230558430054
259,1,0.5585164620679834
260,1,0.8069431401215134
261,0,0.10760423870960249
262,1,0.3617993054928042
263,0,0.05636870824421455
264,0,0.08614621450900171
265,0,0.6151234849973742
266,0,0.8004689397772521
267,1,0.6747448197046374
268,0,0.14135281043704517
269,1,0.7463267454778116
270,0,0.1051734290225227
271,1,0.8565591355802457
272,0,0.7123497419789229
273,1,0.8334499360748414
274,1,0.9061997863210904
275,1,0.7688153637991412
276,0,0.2766376972117389
277,1,0.8657542586645821
278,0,0.704748443583668
279,0,0.6557068433726192
280,0,0.5708515952540326
281,1,0.7249136796904677
282,0,0.7179914490390625
283,0,0.7170329527934763
284,0,0.6081530458325174
285,0,0.18804400142013433
286,0,0.32360640055419926
287,0,0.3036290028051246
288,0,0.36993693650019505
289,0,0.2256210304783491
290,0,0.16246823627739182
291,0,0.6023878652039439
292,0,0.5595497899572138
293,0,0.2978122064993695
294,1,0.7268346245504523
295,0,0.5606570180474738
296,0,0.14680279877713115
297,0,0.14777955999554804
298,1,0.6131931016653648
299,0,0.01788961576652621
300,0,0.1731332133614216
301,0,0.06188061720028293
302,1,0.5821296340794143
