target,metric,estimate,lo,hi
CAD,accuracy,0.8283828382838284,0.7903877887788779,0.8663366336633663
CAD,precision,0.9338888110908836,0.8999462080125409,0.9649077778668609
CAD,recall,0.8171296296296297,0.7710280373831775,0.8629815924657533
CAD,f1,0.8715192458950423,0.8388612129937296,0.9013171383159568
CAD,specificity,0.8563218390804597,0.7848796834625323,0.9213567754162718
CAD,roc_auc,0.9183163048105576,0.8832133236285671,0.9478409071703809
CAD,brier,0.10214689560087037,0.08282365714374959,0.12258204589303914
CAD,ece,0.024839346930416437,0.020207394426893153,0.06290218174782251
LAD,accuracy,0.7475247524752475,0.7013201320132013,0.7937293729372937
LAD,precision,0.7815913370998118,0.718327740602893,0.8373062439241911
LAD,recall,0.788135593220339,0.7352897408963586,0.8397845303867404
LAD,f1,0.7848359682856194,0.7384212878495521,0.825978758553334
LAD,specificity,0.6904761904761905,0.6102345522487655,0.7669548130417906
LAD,roc_auc,0.8353510895883778,0.7886442968880752,0.8789607499185328
LAD,brier,0.15974429447161476,0.1397251329992296,0.18147298860015693
LAD,ece,0.03823500967576432,0.030307975524181487,0.08419182746692098
LCX,accuracy,0.6287128712871287,0.5775577557755776,0.6749174917491749
LCX,precision,0.5177595628415301,0.4456444688484751,0.5872044928429081
LCX,recall,0.7815126050420168,0.7137396885003693,0.8416727941176471
LCX,f1,0.6228083960040409,0.5571195389557441,0.6781642318810653
LCX,specificity,0.529891304347826,0.46022159090909087,0.5963564800126903
LCX,roc_auc,0.7200858604311289,0.658698257589293,0.7720473486084287
LCX,brier,0.2029574559942694,0.18626433405518847,0.22061998884153
LCX,ece,0.03900636934297165,0.032429786446909456,0.08870167083957643
RCA,accuracy,0.6435643564356436,0.5907178217821782,0.6947194719471947
RCA,precision,0.5170542635658915,0.4421097536194451,0.590076044236718
RCA,recall,0.7982456140350878,0.7268907563025211,0.8654035433070866
RCA,f1,0.6275153418010562,0.5607965445212161,0.6887542871429132
RCA,specificity,0.5502645502645502,0.48147401433691756,0.6157894736842106
RCA,roc_auc,0.7278613199665831,0.6729400106936002,0.7800880006005116
RCA,brier,0.19821159787980383,0.1810435665812634,0.21486644123405926
RCA,ece,0.04273185617645277,0.03055784388448524,0.08564790673607205
