feature,label,mean_abs_shap,direction_corr,rank
typical_chest_pain,Typical chest pain,0.09447196611223144,0.955503059847653,1
age,Age,0.061428753272525546,0.9274088893588028,2
vhd,Valvular heart disease,0.03914327131068109,-0.9379918260164489,3
region_rwma,Regional wall motion abnormality,0.03635431588375828,0.7274118856331679,4
ef_tte,Ejection fraction (echo),0.034125260600392913,-0.9095019190631711,5
htn,Hypertension,0.03278509506197055,0.942150292715705,6
tg,Triglycerides,0.032496529568845946,0.9155521063024609,7
dyspnea,Dyspnea,0.03228742581782082,-0.9376039452706124,8
dm,Diabetes mellitus,0.030217172652620885,0.9212679573063617,9
t_inversion,T-wave inversion,0.02838458807543379,0.9177901936436528,10
pr,Pulse rate,0.0265387195780266,0.9161860930581421,11
atypical,Atypical chest pain,0.023217441884433247,-0.9633278645331174,12
bp,Blood pressure,0.02278496458021493,0.9396207443568869,13
fh,Family history of CAD,0.02272409406355547,0.933388112289066,14
function_class,Functional class,0.021626505421581767,0.9369548301388655,15
sex,Male sex,0.020714521050752256,0.926397017147985,16
fbs,Fasting blood sugar,0.01703857746460864,0.9113551848121619,17
esr,Erythrocyte sedimentation rate,0.01587813487470151,0.9374774785520621,18
bmi,Body mass index,0.013444658583435333,-0.9271599173606786,19
obesity,Obesity,0.012560063180057228,0.9222174432056087,20
dlp,Dyslipidemia,0.012007835707313319,-0.9252557100537121,21
st_depression,ST depression,0.011124078806601916,0.9097055671133667,22
ldl,LDL cholesterol,0.011020820339921477,-0.9574094433060232,23
cr,Creatinine,0.010090484067954996,0.9098681651694419,24
hb,Hemoglobin,0.00976495552443159,-0.9096235500031138,25
k,Potassium,0.00873371770652248,0.9395941966807059,26
nonanginal,Non-anginal chest pain,0.008644996252278058,-0.9958302639031995,27
current_smoker,Current smoker,0.007584935104494213,0.9286704635734875,28
hdl,HDL cholesterol,0.005851983664953081,0.9561234658838477,29
lvh,Left ventricular hypertrophy,0.005680215278670856,0.9435662108752865,30
bbb,Bundle branch block,0.005294995413035024,-0.9142932699469036,31
systolic_murmur,Systolic murmur,0.004068350564270168,0.8893788455062345,32
lymph,Lymphocytes,0.0037617845026850587,-0.7683758655817541,33
st_elevation,ST elevation,0.0034123189047541446,0.8781084346327623,34
airway_disease,Airway disease,0.0027547154521045726,0.9398902709292698,35
plt,Platelets,0.0024601482860787866,-0.9310404301835903,36
bun,Blood urea nitrogen,0.0023472944742899977,-0.9276464994058232,37
na,Sodium,0.0021406933553365587,-0.929538397629488,38
neut,Neutrophils,0.002011228207129755,0.818206355503061,39
wbc,White blood cell count,0.001829927224534954,-0.7867892636405371,40
lung_rales,Lung rales,0.001252784657894779,0.9540399100533756,41
q_wave,Q wave,0.0010581116361124798,0.9012540484024811,42
ex_smoker,Ex-smoker,0.0007662401397797293,-0.9761994759318,43
thyroid_disease,Thyroid disease,0.0005683919742112042,0.9582852567697884,44
weak_peripheral_pulse,Weak peripheral pulse,0.0003957069129027415,0.959542219600333,45
poor_r_progression,Poor R-wave progression,0.0002899033635704907,1.0,46
crf,Chronic renal failure,0.00015852296469501064,0.9696344803705483,47
diastolic_murmur,Diastolic murmur,9.392997797817659e-05,-0.9999999999999987,48
cva,Cerebrovascular accident,5.057412128973687e-05,0.637073053351897,49
edema,Edema,3.475218498665602e-05,-0.3823041999945252,50
chf,Congestive heart failure,0.0,,51
lowth_ang,Low-threshold angina,0.0,,52
