target,set,subgroup,level,n,n_pos,roc_auc,brier,recall,specificity
CAD,procedure_cv,sex,male,176,130,0.8864548494983278,0.1115719429546636,0.8076923076923077,0.8260869565217391
CAD,procedure_cv,sex,female,127,86,0.96114577424844,0.08057198348991486,0.8604651162790697,0.926829268292683
CAD,procedure_cv,age,50-64,150,104,0.9335284280936454,0.10003344815863187,0.8076923076923077,0.9347826086956522
CAD,procedure_cv,age,65+,95,83,0.8363453815261044,0.08030413857671519,0.927710843373494,0.5
CAD,procedure_cv,age,<50,58,29,0.9072532699167658,0.12474816335615957,0.6206896551724138,0.9310344827586207
LAD,procedure_cv,sex,male,176,110,0.8414600550964186,0.1581692492428104,0.9181818181818182,0.5303030303030303
LAD,procedure_cv,sex,female,127,67,0.8373134328358209,0.15592377846326652,0.9402985074626866,0.6333333333333333
LAD,procedure_cv,age,50-64,150,84,0.836940836940837,0.16205264129472327,0.9285714285714286,0.6060606060606061
LAD,procedure_cv,age,65+,95,71,0.7705399061032864,0.15521508361580147,0.971830985915493,0.20833333333333334
LAD,procedure_cv,age,<50,58,22,0.8699494949494949,0.14804790679068713,0.7727272727272727,0.7777777777777778
LCX,procedure_cv,sex,male,176,77,0.7284533648170012,0.20839213496548606,0.8571428571428571,0.5353535353535354
LCX,procedure_cv,sex,female,127,42,0.7327731092436975,0.19104438211805458,0.7857142857142857,0.5529411764705883
LCX,procedure_cv,age,50-64,150,52,0.7089874411302983,0.19925428942308968,0.7692307692307693,0.5714285714285714
LCX,procedure_cv,age,65+,95,55,0.5618181818181818,0.24440875335631437,0.9090909090909091,0.2
LCX,procedure_cv,age,<50,58,12,0.7934782608695653,0.13504616035526149,0.75,0.782608695652174
RCA,procedure_cv,sex,male,176,75,0.714983498349835,0.21084087525951697,0.8133333333333334,0.49504950495049505
RCA,procedure_cv,sex,female,127,39,0.7660256410256411,0.17687694648167246,0.8717948717948718,0.5568181818181818
RCA,procedure_cv,age,50-64,150,60,0.7394444444444445,0.2009706231006992,0.8,0.6
RCA,procedure_cv,age,65+,95,43,0.6601073345259392,0.23175069681265423,0.9302325581395349,0.23076923076923078
RCA,procedure_cv,age,<50,58,11,0.8336557059961316,0.12774925149207514,0.6363636363636364,0.7021276595744681
