target,approach,auc,sd
CAD,rf,0.9397286821705425,0.001935213966478475
CAD,lr,0.9241140642303433,0.0022300144590922184
LAD,direct_lr,0.8336747427656519,0.01121279078134077
LAD,hierarchical_lr,0.8573614937251302,0.011506634431018762
LAD,direct_rf,0.8565374019919475,0.002850656390339145
LAD,hierarchical_rf,0.8488851216123944,0.007315864598857773
LCX,direct_lr,0.7197584541062803,0.00045957240556617374
LCX,hierarchical_lr,0.6932850241545894,0.013235480742204177
LCX,direct_rf,0.706376811594203,0.01547481823156148
LCX,hierarchical_rf,0.7069565217391305,0.0042352577380296505
RCA,direct_lr,0.7336956521739131,0.02557529624848671
RCA,hierarchical_lr,0.7464975845410629,0.024381255327255387
RCA,direct_rf,0.7107487922705314,0.02565130960997431
RCA,hierarchical_rf,0.7290579710144929,0.027823256196592445
CAD,tabpfn_v2,0.9516611295681064,0.002509167233747985
LAD,direct_tabpfn_v2,0.8625650443832261,0.009789427174736777
LAD,hierarchical_tabpfn_v2,0.8723835087471451,0.010302323871422459
LCX,direct_tabpfn_v2,0.7083816425120774,0.007039643628574244
LCX,hierarchical_tabpfn_v2,0.7245893719806763,0.011163706644856676
RCA,direct_tabpfn_v2,0.7253623188405798,0.019131532686984584
RCA,hierarchical_tabpfn_v2,0.72756038647343,0.01747226859623403
